{"metadata":{"asset_id":"5b2091a3-9f19-437d-aa6a-f6a255fbde53","asset_attributes":["data_asset"],"name":"crop_production.csv","asset_type":"data_asset","created_at":"2021-07-21T18:09:21Z","description":"","origin_country":"us","owner_id":"IBMid-6630027K9V","project_id":"bc8e996d-e54c-4430-a23e-b1f34db2ba20","size":15316741,"tags":[],"usage":{"last_update_time":1626890962501,"last_updated_at":"2021-07-21T18:09:22Z"}},"entity":{"data_asset":{"mime_type":"text/csv","dataset":false}},"attachments":[{"id":"3665cc89-2a3d-4920-adb7-54a58064d87a","version":2,"asset_type":"data_asset","name":"crop_production.csv","mime":"text/csv","datasource_type":"193a97c1-4475-4a19-b90c-295c4fdc6517","object_key":"crop_production.csv","creator_id":"IBMid-6630027K9V","create_time":1626890962499,"size":15316741,"is_remote":false,"is_managed":false,"is_referenced":true,"is_object_key_read_only":true,"is_user_provided_path_key":true,"transfer_complete":true,"is_partitioned":false,"complete_time_ticks":1626890962499,"user_data":{},"test_doc":0,"handle":{"bucket":"aiassistedfarming-donotdelete-pr-aubfkztijkmo2e","location":"eu-geo","key":"crop_production.csv","upload_id":"done","max_part_num":1},"usage":{"access_count":0,"last_accessor_id":"IBMid-6630027K9V","last_access_time":1626890962499}}]}
