{"metadata":{"asset_id":"df9fec42-4d18-428c-8cf8-1544ed2f1a79","asset_attributes":["data_asset"],"name":"datafile.csv","asset_type":"data_asset","created_at":"2021-07-21T18:08:38Z","description":"","origin_country":"us","owner_id":"IBMid-6630027K9V","project_id":"bc8e996d-e54c-4430-a23e-b1f34db2ba20","size":2862,"tags":[],"usage":{"last_update_time":1626890919633,"last_updated_at":"2021-07-21T18:08:39Z"}},"entity":{"data_asset":{"mime_type":"text/csv","dataset":false}},"attachments":[{"id":"76b90aa5-3a50-4d29-b70e-ac28881b42ae","version":2,"asset_type":"data_asset","name":"datafile.csv","mime":"text/csv","datasource_type":"193a97c1-4475-4a19-b90c-295c4fdc6517","object_key":"datafile.csv","creator_id":"IBMid-6630027K9V","create_time":1626890919632,"size":2862,"is_remote":false,"is_managed":false,"is_referenced":true,"is_object_key_read_only":true,"is_user_provided_path_key":true,"transfer_complete":true,"is_partitioned":false,"complete_time_ticks":1626890919632,"user_data":{},"test_doc":0,"handle":{"bucket":"aiassistedfarming-donotdelete-pr-aubfkztijkmo2e","location":"eu-geo","key":"datafile.csv","upload_id":"done","max_part_num":1},"usage":{"access_count":0,"last_accessor_id":"IBMid-6630027K9V","last_access_time":1626890919632}}]}
