{"metadata":{"asset_id":"dc868dae-7cb6-4229-a928-d4ce094cbdff","asset_attributes":["data_asset"],"name":"Crop_recommendation.csv","asset_type":"data_asset","created_at":"2021-07-21T18:06:17Z","description":"","origin_country":"us","owner_id":"IBMid-6630027K9V","project_id":"bc8e996d-e54c-4430-a23e-b1f34db2ba20","size":150034,"tags":[],"usage":{"last_update_time":1626890779398,"last_updated_at":"2021-07-21T18:06:19Z"}},"entity":{"data_asset":{"mime_type":"text/csv","dataset":false}},"attachments":[{"id":"5921cea1-9771-4d64-98ee-2213ad3a3f49","version":2,"asset_type":"data_asset","name":"Crop_recommendation.csv","mime":"text/csv","datasource_type":"193a97c1-4475-4a19-b90c-295c4fdc6517","object_key":"Crop_recommendation.csv","creator_id":"IBMid-6630027K9V","create_time":1626890779397,"size":150034,"is_remote":false,"is_managed":false,"is_referenced":true,"is_object_key_read_only":true,"is_user_provided_path_key":true,"transfer_complete":true,"is_partitioned":false,"complete_time_ticks":1626890779397,"user_data":{},"test_doc":0,"handle":{"bucket":"aiassistedfarming-donotdelete-pr-aubfkztijkmo2e","location":"eu-geo","key":"Crop_recommendation.csv","upload_id":"done","max_part_num":1},"usage":{"access_count":0,"last_accessor_id":"IBMid-6630027K9V","last_access_time":1626890779397}}]}
