{"metadata":{"asset_id":"61502339-84d2-4e45-8da4-e402eb92402b","asset_attributes":["notebook"],"name":"Crop_Yield - experiment notebook","asset_type":"notebook","created_at":"2021-08-12T12:55:06Z","description":"","origin_country":"us","owner_id":"IBMid-6630027K9V","project_id":"bc8e996d-e54c-4430-a23e-b1f34db2ba20","size":26247,"tags":[],"usage":{"last_update_time":1628772909339,"last_updated_at":"2021-08-12T12:55:09Z"}},"entity":{"notebook":{"kernel":{"display_name":"Python 3.8","name":"python3","language":"python"},"originates_from":{"type":"blank"},"runtime":{"environment":"conda4py38-bc8e996d-e54c-4430-a23e-b1f34db2ba20"}}},"attachments":[{"id":"bad5f9b5-4a86-46ef-9f62-98908a46322a","version":2,"asset_type":"notebook","name":"Crop_Yield - experiment notebook","description":"Crop_Yield - experiment notebook attachment for notebook asset 61502339-84d2-4e45-8da4-e402eb92402b","mime":"application/json","datasource_type":"193a97c1-4475-4a19-b90c-295c4fdc6517","object_key":"notebook/notebook_61502339-84d2-4e45-8da4-e402eb92402b.ipynb","creator_id":"IBMid-6630027K9V","create_time":1628772909338,"size":26247,"is_remote":false,"is_managed":false,"is_referenced":true,"is_object_key_read_only":false,"is_user_provided_path_key":true,"transfer_complete":true,"is_partitioned":false,"complete_time_ticks":1628772909338,"user_data":{},"test_doc":0,"handle":{"bucket":"aiassistedfarming-donotdelete-pr-aubfkztijkmo2e","location":"eu-geo","key":"notebook/notebook_61502339-84d2-4e45-8da4-e402eb92402b.ipynb","upload_id":"done","max_part_num":1},"usage":{"access_count":0,"last_accessor_id":"IBMid-6630027K9V","last_access_time":1628772909338}}]}
