{"metadata":{"asset_id":"e8db0248-0958-45ee-a05d-21a1d7497d17","asset_attributes":["notebook"],"name":"AI_Assisted_Farming - experiment notebook","asset_type":"notebook","created_at":"2021-08-12T12:57:03Z","description":"","origin_country":"us","owner_id":"IBMid-6630027K9V","project_id":"bc8e996d-e54c-4430-a23e-b1f34db2ba20","size":26034,"tags":[],"usage":{"last_update_time":1628773025944,"last_updated_at":"2021-08-12T12:57:05Z"}},"entity":{"notebook":{"kernel":{"display_name":"Python 3.7","name":"python3","language":"python"},"originates_from":{"type":"blank"},"runtime":{"environment":"conda4py37oce-bc8e996d-e54c-4430-a23e-b1f34db2ba20"}}},"attachments":[{"id":"04a083ba-fb44-4920-af20-f83bb745aa38","version":2,"asset_type":"notebook","name":"AI_Assisted_Farming - experiment notebook","description":"AI_Assisted_Farming - experiment notebook attachment for notebook asset e8db0248-0958-45ee-a05d-21a1d7497d17","mime":"application/json","datasource_type":"193a97c1-4475-4a19-b90c-295c4fdc6517","object_key":"notebook/notebook_e8db0248-0958-45ee-a05d-21a1d7497d17.ipynb","creator_id":"IBMid-6630027K9V","create_time":1628773025943,"size":26034,"is_remote":false,"is_managed":false,"is_referenced":true,"is_object_key_read_only":false,"is_user_provided_path_key":true,"transfer_complete":true,"is_partitioned":false,"complete_time_ticks":1628773025943,"user_data":{},"test_doc":0,"handle":{"bucket":"aiassistedfarming-donotdelete-pr-aubfkztijkmo2e","location":"eu-geo","key":"notebook/notebook_e8db0248-0958-45ee-a05d-21a1d7497d17.ipynb","upload_id":"done","max_part_num":1},"usage":{"access_count":0,"last_accessor_id":"IBMid-6630027K9V","last_access_time":1628773025943}}]}
