{"metadata":{"asset_id":"3b3ae567-8d23-4e98-8ae6-933ab1727a14","asset_attributes":["wml_model"],"name":"Crop_Yield - P3 XGB Regressor001","asset_type":"wml_model","created_at":"2021-08-09T13:58:30Z","description":"","origin_country":"us","owner_id":"IBMid-6630027K9V","project_id":"bc8e996d-e54c-4430-a23e-b1f34db2ba20","sandbox_id":"bc8e996d-e54c-4430-a23e-b1f34db2ba20","size":52651,"tags":[],"usage":{"last_update_time":1628517515316,"last_updated_at":"2021-08-09T13:58:35Z"}},"entity":{"wml_model":{"hybrid_pipeline_software_specs":[{"base_id":"da9b39c3-758c-5a4f-9cfd-457dd4d8c395","name":"autoai-kb_3.4-py3.8"}],"label_column":"Production","pipeline":{"id":"d3faeaff-0898-4927-be32-dc8b1183513f"},"ml_version":"4.0.9","type":"wml-hybrid_0.1","schemas":{"input":[{"fields":[{"name":"State_Name","type":"other"},{"name":"District_Name","type":"other"},{"name":"Crop_Year","type":"integer"},{"name":"Season","type":"other"},{"name":"Crop","type":"other"},{"name":"Area","type":"double"}],"id":"auto_ai_kb_input_schema"}],"output":[]},"content_location":{"connection":{"access_key_id":"0724cac87c044683a7dffacf57d2f3b5","endpoint_url":"https://s3.eu.cloud-object-storage.appdomain.cloud","secret_access_key":"9f9a68cd908467d037b3a27381d4231829531a3b3d93e012","accessKeyId":"0724cac87c044683a7dffacf57d2f3b5"},"contents":[{"content_format":"pipeline-node","file_name":"P3_automl.zip","location":"auto_ml/bdfc1863-8303-4295-bd45-1313364f9172/wml_data/180d3b0b-8920-4e86-9139-ecf5d7ef3dfe/assets/180d3b0b-8920-4e86-9139-ecf5d7ef3dfe_P3_cognito_output/resources/wml_model/P3_automl.zip","pipeline_node_id":"automl"},{"content_format":"native","file_name":"pipeline_model.json","location":"auto_ml/bdfc1863-8303-4295-bd45-1313364f9172/wml_data/180d3b0b-8920-4e86-9139-ecf5d7ef3dfe/assets/180d3b0b-8920-4e86-9139-ecf5d7ef3dfe_P3_cognito_output/resources/wml_model/pipeline_model.json"}],"location":{"path":"auto_ml/bdfc1863-8303-4295-bd45-1313364f9172/wml_data/","notebooks_path":"auto_ml/bdfc1863-8303-4295-bd45-1313364f9172/wml_data/180d3b0b-8920-4e86-9139-ecf5d7ef3dfe/notebooks","training":"auto_ml/bdfc1863-8303-4295-bd45-1313364f9172/wml_data/180d3b0b-8920-4e86-9139-ecf5d7ef3dfe","training_status":"auto_ml/bdfc1863-8303-4295-bd45-1313364f9172/wml_data/180d3b0b-8920-4e86-9139-ecf5d7ef3dfe/training-status.json","bucket":"aiassistedfarming-donotdelete-pr-aubfkztijkmo2e","type":"s3","assets_path":"auto_ml/bdfc1863-8303-4295-bd45-1313364f9172/wml_data/180d3b0b-8920-4e86-9139-ecf5d7ef3dfe/assets"},"type":"s3"},"training_data_references":[{"connection":{"endpoint_url":"https://s3.eu.cloud-object-storage.appdomain.cloud","auth_endpoint":"https://iam.bluemix.net/oidc/token/","api_key":"qH_6KQPRx4ti-UEZ1BAam_imn0ppnm9_FjGOZaPyZ_vv","secret_access_key":"9f9a68cd908467d037b3a27381d4231829531a3b3d93e012","access_key_id":"0724cac87c044683a7dffacf57d2f3b5","service_instance_id":"iam-ServiceId-abd4b773-bfb4-45fe-80c6-f5b0fa2329eb"},"location":{"bucket":"aiassistedfarming-donotdelete-pr-aubfkztijkmo2e","path":"crop_production.csv","type":"s3"},"schema":{"fields":[{"name":"State_Name","type":"other"},{"name":"District_Name","type":"other"},{"name":"Crop_Year","type":"integer"},{"name":"Season","type":"other"},{"name":"Crop","type":"other"},{"name":"Area","type":"double"},{"name":"Production","type":"double"}],"id":"auto_ai_kb_input_schema"},"type":"s3"}],"software_spec":{"base_id":"8c1a58c6-62b5-4dc4-987a-df751c2756b6","name":"hybrid_0.1"},"content_import_state":"completed"}},"attachments":[{"id":"3dbdc8cb-177b-4ebb-b279-3ed0c2114af3","version":2,"asset_type":"wml_model","name":"P3_automl.zip","datasource_type":"193a97c1-4475-4a19-b90c-295c4fdc6517","creator_id":"IBMid-6630027K9V","create_time":1628517511400,"size":51010,"is_remote":false,"is_managed":true,"is_referenced":false,"is_object_key_read_only":false,"is_user_provided_path_key":false,"transfer_complete":true,"is_partitioned":false,"complete_time_ticks":1628517512789,"user_data":{"content_format":"pipeline-node","pipeline_node_id":"automl"},"test_doc":0,"handle":{"bucket":"aiassistedfarming-donotdelete-pr-aubfkztijkmo2e","location":"eu-geo","type":"bluemix_cos","key":"0583767a-626b-4349-a568-f23c48b89904/3b3ae567-8d23-4e98-8ae6-933ab1727a14/3dbdc8cb-177b-4ebb-b279-3ed0c2114af3","upload_id":"done","max_part_num":1},"usage":{"access_count":0,"last_accessor_id":"IBMid-6630027K9V","last_access_time":1628517511400}},{"id":"3d5a3603-bcde-4674-af8f-047aaea88d02","version":2,"asset_type":"wml_model","name":"pipeline_model.json","datasource_type":"193a97c1-4475-4a19-b90c-295c4fdc6517","creator_id":"IBMid-6630027K9V","create_time":1628517513693,"size":1641,"is_remote":false,"is_managed":true,"is_referenced":false,"is_object_key_read_only":false,"is_user_provided_path_key":false,"transfer_complete":true,"is_partitioned":false,"complete_time_ticks":1628517515047,"user_data":{"content_format":"native"},"test_doc":0,"handle":{"bucket":"aiassistedfarming-donotdelete-pr-aubfkztijkmo2e","location":"eu-geo","type":"bluemix_cos","key":"0583767a-626b-4349-a568-f23c48b89904/3b3ae567-8d23-4e98-8ae6-933ab1727a14/3d5a3603-bcde-4674-af8f-047aaea88d02","upload_id":"done","max_part_num":1},"usage":{"access_count":0,"last_accessor_id":"IBMid-6630027K9V","last_access_time":1628517513693}}]}
