{"metadata":{"asset_id":"d3faeaff-0898-4927-be32-dc8b1183513f","asset_attributes":["wml_pipeline"],"name":"Crop_Yield","asset_type":"wml_pipeline","created_at":"2021-08-09T13:36:02Z","description":"Model for Crop Yield Prediction","origin_country":"us","owner_id":"IBMid-6630027K9V","project_id":"bc8e996d-e54c-4430-a23e-b1f34db2ba20","sandbox_id":"bc8e996d-e54c-4430-a23e-b1f34db2ba20","size":0,"tags":["dsx-project.bc8e996d-e54c-4430-a23e-b1f34db2ba20"],"usage":{"last_update_time":1628516162122,"last_updated_at":"2021-08-09T13:36:02Z"}},"entity":{"wml_pipeline":{"document":{"doc_type":"pipeline","pipelines":[{"id":"autoai","nodes":[{"id":"automl","op":"kube","parameters":{"output_logs":true,"input_file_separator":",","stage_flag":true,"optimization":{"compute_pipeline_notebooks_flag":true,"daub_adaptive_subsampling_max_mem_usage":15000000000,"holdout_param":0.1,"label":"Production","learning_type":"regression","max_num_daub_ensembles":2,"run_cognito_flag":true,"scorer_for_ranking":"neg_root_mean_squared_error","train_sample_columns_index_list":[0,1,3,4,5]},"n_parallel_data_connections":15,"one_vs_all_file":true},"runtime_ref":"autoai","type":"execution_node"}],"runtime_ref":"hybrid"}],"primary_pipeline":"autoai","runtimes":[{"app_data":{"wml_data":{"hardware_spec":{"base_id":"a6c4923b-b8e4-444c-9f43-8a7ec3020110","name":"L"}}},"id":"autoai","name":"auto_ai.kb"}],"version":"2.0"},"ml_version":"4.0.0"}}}
