{"metadata":{"asset_id":"86f9f006-a2ce-4d54-a9f4-3829a55d1bce","asset_attributes":["wml_model"],"name":"AI_Assisted_Farming - P4 LGBM Classifier95","asset_type":"wml_model","created_at":"2021-07-23T18:16:18Z","description":"Crop Recommendation Model.\nThis model is to be used. ","origin_country":"us","owner_id":"IBMid-6630027K9V","project_id":"bc8e996d-e54c-4430-a23e-b1f34db2ba20","sandbox_id":"bc8e996d-e54c-4430-a23e-b1f34db2ba20","size":2699021,"tags":[],"usage":{"last_update_time":1627065396163,"last_updated_at":"2021-07-23T18:36:36Z"}},"entity":{"wml_model":{"hybrid_pipeline_software_specs":[{"base_id":"a545cca3-02df-5c61-9e88-998b09dc79af","name":"autoai-kb_3.3-py3.7"}],"label_column":"label","pipeline":{"id":"096f599e-0e97-46c1-995e-11cd5863f67f"},"ml_version":"4.0.9","type":"wml-hybrid_0.1","schemas":{"input":[{"fields":[{"name":"N","type":"integer"},{"name":"P","type":"integer"},{"name":"K","type":"integer"},{"name":"temperature","type":"double"},{"name":"humidity","type":"double"},{"name":"ph","type":"double"},{"name":"rainfall","type":"double"}],"id":"auto_ai_kb_input_schema"}],"output":[]},"content_location":{"connection":{"access_key_id":"0724cac87c044683a7dffacf57d2f3b5","endpoint_url":"https://s3.eu.cloud-object-storage.appdomain.cloud","secret_access_key":"9f9a68cd908467d037b3a27381d4231829531a3b3d93e012","accessKeyId":"0724cac87c044683a7dffacf57d2f3b5"},"contents":[{"content_format":"pipeline-node","file_name":"P4_automl.zip","location":"auto_ml/7f22379d-e76c-486e-be34-cc5707055c2b/wml_data/afd77620-f5c1-4d95-8d70-43e483a0bf96/assets/afd77620-f5c1-4d95-8d70-43e483a0bf96_P4_hpo_c_output/resources/wml_model/P4_automl.zip","pipeline_node_id":"automl"},{"content_format":"native","file_name":"pipeline_model.json","location":"auto_ml/7f22379d-e76c-486e-be34-cc5707055c2b/wml_data/afd77620-f5c1-4d95-8d70-43e483a0bf96/assets/afd77620-f5c1-4d95-8d70-43e483a0bf96_P4_hpo_c_output/resources/wml_model/pipeline_model.json"}],"location":{"path":"auto_ml/7f22379d-e76c-486e-be34-cc5707055c2b/wml_data","notebooks_path":"auto_ml/7f22379d-e76c-486e-be34-cc5707055c2b/wml_data/afd77620-f5c1-4d95-8d70-43e483a0bf96/notebooks","training":"auto_ml/7f22379d-e76c-486e-be34-cc5707055c2b/wml_data/afd77620-f5c1-4d95-8d70-43e483a0bf96","training_status":"auto_ml/7f22379d-e76c-486e-be34-cc5707055c2b/wml_data/afd77620-f5c1-4d95-8d70-43e483a0bf96/training-status.json","bucket":"aiassistedfarming-donotdelete-pr-aubfkztijkmo2e","type":"s3","assets_path":"auto_ml/7f22379d-e76c-486e-be34-cc5707055c2b/wml_data/afd77620-f5c1-4d95-8d70-43e483a0bf96/assets"},"type":"s3"},"training_data_references":[{"connection":{"endpoint_url":"https://s3.eu.cloud-object-storage.appdomain.cloud","auth_endpoint":"https://iam.bluemix.net/oidc/token/","api_key":"qH_6KQPRx4ti-UEZ1BAam_imn0ppnm9_FjGOZaPyZ_vv","secret_access_key":"9f9a68cd908467d037b3a27381d4231829531a3b3d93e012","access_key_id":"0724cac87c044683a7dffacf57d2f3b5","service_instance_id":"iam-ServiceId-abd4b773-bfb4-45fe-80c6-f5b0fa2329eb"},"location":{"bucket":"aiassistedfarming-donotdelete-pr-aubfkztijkmo2e","path":"Crop_recommendation.csv","type":"s3"},"schema":{"fields":[{"name":"N","type":"integer"},{"name":"P","type":"integer"},{"name":"K","type":"integer"},{"name":"temperature","type":"double"},{"name":"humidity","type":"double"},{"name":"ph","type":"double"},{"name":"rainfall","type":"double"},{"name":"label","type":"other"}],"id":"auto_ai_kb_input_schema"},"type":"s3"}],"software_spec":{"base_id":"8c1a58c6-62b5-4dc4-987a-df751c2756b6","name":"hybrid_0.1"},"content_import_state":"completed"}},"attachments":[{"id":"17e8d762-e160-4463-9a0c-6c119ea1bf4c","version":2,"asset_type":"wml_model","name":"P4_automl.zip","datasource_type":"193a97c1-4475-4a19-b90c-295c4fdc6517","creator_id":"IBMid-6630027K9V","create_time":1627064179253,"size":2697474,"is_remote":false,"is_managed":true,"is_referenced":false,"is_object_key_read_only":false,"is_user_provided_path_key":false,"transfer_complete":true,"is_partitioned":false,"complete_time_ticks":1627064180402,"user_data":{"content_format":"pipeline-node","pipeline_node_id":"automl"},"test_doc":0,"handle":{"bucket":"aiassistedfarming-donotdelete-pr-aubfkztijkmo2e","location":"eu-geo","type":"bluemix_cos","key":"0583767a-626b-4349-a568-f23c48b89904/86f9f006-a2ce-4d54-a9f4-3829a55d1bce/17e8d762-e160-4463-9a0c-6c119ea1bf4c","upload_id":"done","max_part_num":1},"usage":{"access_count":0,"last_accessor_id":"IBMid-6630027K9V","last_access_time":1627064179253}},{"id":"6fdbbe78-7990-4e06-bfff-e01f4f3fac92","version":2,"asset_type":"wml_model","name":"pipeline_model.json","datasource_type":"193a97c1-4475-4a19-b90c-295c4fdc6517","creator_id":"IBMid-6630027K9V","create_time":1627064181509,"size":1547,"is_remote":false,"is_managed":true,"is_referenced":false,"is_object_key_read_only":false,"is_user_provided_path_key":false,"transfer_complete":true,"is_partitioned":false,"complete_time_ticks":1627064182918,"user_data":{"content_format":"native"},"test_doc":0,"handle":{"bucket":"aiassistedfarming-donotdelete-pr-aubfkztijkmo2e","location":"eu-geo","type":"bluemix_cos","key":"0583767a-626b-4349-a568-f23c48b89904/86f9f006-a2ce-4d54-a9f4-3829a55d1bce/6fdbbe78-7990-4e06-bfff-e01f4f3fac92","upload_id":"done","max_part_num":1},"usage":{"access_count":0,"last_accessor_id":"IBMid-6630027K9V","last_access_time":1627064181509}}]}
